{
    "0": {
        "initial_state": [6.8913, 8.6769, 0.762, 0, 0, 0], 
        "final_state": [12.245, 3.8152, 7.0889, 0, 0, 1.570796]
    }, 
    "1": {
        "initial_state": [6.8833, 13.2202, 0.762, 0, 0, 0], 
        "final_state": [21.135, 3.8152, 7.0889, 0, 0, 1.570796]
    }, 
    "2": {
        "initial_state": [17.0764, 8.7173, 0.635, -1.570796, 0, -1.570796], 
        "final_state": [12.2424, 3.8152, 3.8614, 0, 0, -1.570796]
    }, 
    "3": {
        "initial_state": [17.047, 13.1969, 0.635, -1.570796, 0, -1.570796], 
        "final_state": [21.1376, 3.8152, 3.8614, 0, 0, -1.570796]
    }, 
    "6": {
        "initial_state": [16.69, 3.8152, 0.635, 0, 0, 1.570796], 
        "final_state": [16.69, 3.8152, 0.6321, 0, 0, 1.570796]
    }
}