{
    "arm": {
        "base_pos": [-21.25, -30.0, 0.0],
        "base_angle": 0.0,
        "scale": 1.0,
        "rest_q": [0.63879051, -0.41713369, 0.28274334, 0.65100781, 0.13089969, 1.0559242, 0.82030475]
    },
    "gripper": {
        "type": "robotiq-140",
        "scale": 1.0
    },
    "grasp": {
        "0": {
            "antipodals": [[0.0, 0.635, 1.073], [0.0, -0.635, 1.073]],
            "base_direction": [0.0, 0.0, 1.0]
        },
        "1": {
            "antipodals": [[0.0, 0.635, 1.073], [0.0, -0.635, 1.073]],
            "base_direction": [0.0, 0.0, 1.0]
        },
        "2": {
            "antipodals": [[-0.635, -1.2, 1.905], [0.635, -1.2, 1.905]],
            "base_direction": [0.0, -1.0, 0.0]
        },
        "3": {
            "antipodals": [[-0.635, -1.2, 1.905], [0.635, -1.2, 1.905]],
            "base_direction": [0.0, -1.0, 0.0]
        },
        "6": {
            "antipodals": [[-0.889, 0.0, 1.2], [0.889, 0.0, 1.2]],
            "base_direction": [0.0, 0.0, 1.0]
        }
    }
}